{
  "oil": {
    "month": 3,
    "oil_price": 61.1059373514034,
    "mean_price": 70.0,
    "reversion": 0.08,
    "shock_sd": 5.0,
    "lag_months": 9,
    "oil_history": [
      68.720598557762,
      67.27358851737213,
      61.1059373514034
    ],
    "demand_north_sea": 0.9331781205421019,
    "demand_gom": 1.3686612434617496
  },
  "steel": {
    "month": 3,
    "steel_price": 782.4418969765529,
    "mean_price": 800.0,
    "reversion": 0.1,
    "shock_sd": 60.0,
    "floor": 350.0,
    "cap": 1800.0,
    "lag_months": 6,
    "steel_history": [
      830.6858907509909,
      816.9353437685202,
      782.4418969765529
    ],
    "demand_global": 1.3297675879062116
  }
}