{
  "oil": {
    "month": 7,
    "oil_price": 53.81455806092783,
    "mean_price": 70.0,
    "reversion": 0.08,
    "shock_sd": 5.0,
    "lag_months": 9,
    "oil_history": [
      68.720598557762,
      67.27358851737213,
      61.1059373514034,
      62.05983415232094,
      57.23408964516918,
      55.981171671156915,
      53.81455806092783
    ],
    "demand_north_sea": 0.7144367418278349,
    "demand_gom": 1.0478405546808245
  },
  "steel": {
    "month": 7,
    "steel_price": 784.631242254501,
    "mean_price": 800.0,
    "reversion": 0.1,
    "shock_sd": 60.0,
    "floor": 350.0,
    "cap": 1800.0,
    "lag_months": 6,
    "steel_history": [
      830.6858907509909,
      816.9353437685202,
      782.4418969765529,
      862.572323267322,
      812.1581979399148,
      751.7577083383823,
      784.631242254501
    ],
    "demand_global": 1.4677413750740806
  }
}