{
  "oil": {
    "month": 5,
    "oil_price": 57.23408964516918,
    "mean_price": 70.0,
    "reversion": 0.08,
    "shock_sd": 5.0,
    "lag_months": 9,
    "oil_history": [
      68.720598557762,
      67.27358851737213,
      61.1059373514034,
      62.05983415232094,
      57.23408964516918
    ],
    "demand_north_sea": 0.8170226893550754,
    "demand_gom": 1.198299944387444
  },
  "steel": {
    "month": 5,
    "steel_price": 812.1581979399148,
    "mean_price": 800.0,
    "reversion": 0.1,
    "shock_sd": 60.0,
    "floor": 350.0,
    "cap": 1800.0,
    "lag_months": 6,
    "steel_history": [
      830.6858907509909,
      816.9353437685202,
      782.4418969765529,
      862.572323267322,
      812.1581979399148
    ],
    "demand_global": 1.448632791759659
  }
}