{
  "oil": {
    "month": 16,
    "oil_price": 70.99321888518502,
    "mean_price": 70.0,
    "reversion": 0.08,
    "shock_sd": 5.0,
    "lag_months": 9,
    "oil_history": [
      68.720598557762,
      67.27358851737213,
      61.1059373514034,
      62.05983415232094,
      57.23408964516918,
      55.981171671156915,
      53.81455806092783,
      56.73372752107719,
      65.12251719090474,
      70.73516673480654,
      62.393114428805895,
      67.52628181516069,
      67.49617870780338,
      68.17623726058773,
      68.32717008562271,
      70.99321888518502
    ],
    "demand_north_sea": 0.8020118256323159,
    "demand_gom": 1.1762840109273967
  },
  "steel": {
    "month": 16,
    "steel_price": 705.3314737524561,
    "mean_price": 800.0,
    "reversion": 0.1,
    "shock_sd": 60.0,
    "floor": 350.0,
    "cap": 1800.0,
    "lag_months": 6,
    "steel_history": [
      830.6858907509909,
      816.9353437685202,
      782.4418969765529,
      862.572323267322,
      812.1581979399148,
      751.7577083383823,
      784.631242254501,
      825.15797751576,
      795.9526146548392,
      848.1544650257005,
      731.432766841556,
      721.4069830156752,
      686.3254294457398,
      736.9854616036918,
      674.868501301302,
      705.3314737524561
    ],
    "demand_global": 1.1257310673662242
  }
}