{
  "oil": {
    "month": 4,
    "oil_price": 62.05983415232094,
    "mean_price": 70.0,
    "reversion": 0.08,
    "shock_sd": 5.0,
    "lag_months": 9,
    "oil_history": [
      68.720598557762,
      67.27358851737213,
      61.1059373514034,
      62.05983415232094
    ],
    "demand_north_sea": 0.9617950245696281,
    "demand_gom": 1.4106327027021213
  },
  "steel": {
    "month": 4,
    "steel_price": 862.572323267322,
    "mean_price": 800.0,
    "reversion": 0.1,
    "shock_sd": 60.0,
    "floor": 350.0,
    "cap": 1800.0,
    "lag_months": 6,
    "steel_history": [
      830.6858907509909,
      816.9353437685202,
      782.4418969765529,
      862.572323267322
    ],
    "demand_global": 1.6502892930692878
  }
}