{
  "oil": {
    "month": 6,
    "oil_price": 55.981171671156915,
    "mean_price": 70.0,
    "reversion": 0.08,
    "shock_sd": 5.0,
    "lag_months": 9,
    "oil_history": [
      68.720598557762,
      67.27358851737213,
      61.1059373514034,
      62.05983415232094,
      57.23408964516918,
      55.981171671156915
    ],
    "demand_north_sea": 0.7794351501347074,
    "demand_gom": 1.1431715535309044
  },
  "steel": {
    "month": 6,
    "steel_price": 751.7577083383823,
    "mean_price": 800.0,
    "reversion": 0.1,
    "shock_sd": 60.0,
    "floor": 350.0,
    "cap": 1800.0,
    "lag_months": 6,
    "steel_history": [
      830.6858907509909,
      816.9353437685202,
      782.4418969765529,
      862.572323267322,
      812.1581979399148,
      751.7577083383823
    ],
    "demand_global": 1.5227435630039636
  }
}