{
  "oil": {
    "month": 2,
    "oil_price": 67.27358851737213,
    "mean_price": 70.0,
    "reversion": 0.08,
    "shock_sd": 5.0,
    "lag_months": 9,
    "oil_history": [
      68.720598557762,
      67.27358851737213
    ],
    "demand_north_sea": 1.118207655521164,
    "demand_gom": 1.640037894764374
  },
  "steel": {
    "month": 2,
    "steel_price": 816.9353437685202,
    "mean_price": 800.0,
    "reversion": 0.1,
    "shock_sd": 60.0,
    "floor": 350.0,
    "cap": 1800.0,
    "lag_months": 6,
    "steel_history": [
      830.6858907509909,
      816.9353437685202
    ],
    "demand_global": 1.4677413750740806
  }
}