{
  "oil": {
    "month": 1,
    "oil_price": 68.720598557762,
    "mean_price": 70.0,
    "reversion": 0.08,
    "shock_sd": 5.0,
    "lag_months": 9,
    "oil_history": [
      68.720598557762
    ],
    "demand_north_sea": 1.1616179567328602,
    "demand_gom": 1.7037063365415284
  },
  "steel": {
    "month": 1,
    "steel_price": 830.6858907509909,
    "mean_price": 800.0,
    "reversion": 0.1,
    "shock_sd": 60.0,
    "floor": 350.0,
    "cap": 1800.0,
    "lag_months": 6,
    "steel_history": [
      830.6858907509909
    ],
    "demand_global": 1.5227435630039636
  }
}